Study_Hours,Attendance,Sleep_Hours,Parental_Support,Extracurricular,Internet_Access,Previous_Grade,Final_Grade,Grade_Class
4.4,59.3,5.6,Medium,No,Yes,58.8,53.6,Pass
9.6,77.1,5.5,High,No,Yes,91.7,84.3,Good
7.6,93.6,9.4,Medium,No,No,90.5,83.7,Good
6.4,86.6,5.5,Medium,Yes,Yes,86.8,76.1,Good
2.4,90.3,5.6,Medium,Yes,No,65.6,59.5,Pass
2.4,82.9,8.6,High,Yes,Yes,66.8,69.7,Pass
1.5,84.6,6.7,High,Yes,Yes,57.4,55.3,Pass
8.8,92.5,8.7,Low,No,No,96.3,86.5,Excellent
6.4,62.5,4.4,Medium,No,Yes,75.0,62.4,Pass
7.4,74.5,6.9,Low,Yes,Yes,83.1,70.4,Good
1.2,61.1,4.2,Medium,Yes,Yes,53.6,41.1,Fail
9.7,99.4,4.4,Medium,Yes,Yes,100.0,88.3,Excellent
8.5,97.2,9.4,Medium,No,Yes,100.0,89.2,Excellent
2.9,52.0,4.8,Medium,Yes,Yes,54.6,45.0,Fail
2.6,85.3,7.2,Medium,No,Yes,69.0,59.4,Pass
2.7,96.3,6.5,Medium,Yes,Yes,67.4,64.8,Pass
3.7,59.0,6.1,High,No,Yes,57.4,52.1,Pass
5.7,78.4,9.4,Medium,No,Yes,76.9,69.7,Pass
4.9,95.8,4.1,Low,Yes,Yes,85.9,70.4,Good
3.6,51.7,8.0,High,Yes,No,57.1,48.7,Fail
6.5,84.9,9.8,Medium,No,Yes,80.5,82.8,Good
2.3,64.9,7.4,Medium,Yes,Yes,56.8,46.8,Fail
3.6,96.2,9.6,Medium,No,No,73.5,69.2,Pass
4.3,98.6,4.3,Medium,No,Yes,80.9,66.0,Pass
5.1,97.2,6.5,Low,No,No,74.3,68.1,Pass
8.1,73.7,5.6,Medium,No,Yes,89.1,75.3,Good
2.8,93.1,8.4,High,Yes,Yes,68.7,68.4,Pass
5.6,92.2,9.9,Medium,Yes,Yes,85.2,85.2,Excellent
6.3,66.0,5.5,Medium,No,Yes,67.2,60.9,Pass
1.4,91.4,7.9,Medium,Yes,Yes,69.9,64.4,Pass
6.5,51.9,5.2,Low,No,Yes,71.7,52.3,Pass
2.5,79.8,7.4,Medium,Yes,Yes,67.7,56.2,Pass
1.6,61.5,6.8,High,Yes,Yes,50.2,48.0,Fail
9.5,56.0,9.8,Low,No,Yes,82.0,74.3,Good
9.7,53.8,7.7,Medium,Yes,Yes,74.5,75.6,Good
8.3,84.8,6.1,Medium,No,Yes,86.6,79.7,Good
3.7,67.0,4.7,Medium,No,Yes,70.0,55.1,Pass
1.9,86.2,4.9,High,No,No,70.1,52.1,Pass
7.2,53.3,5.4,Low,No,Yes,71.4,63.1,Pass
5.0,65.8,5.5,Medium,No,No,63.8,53.4,Pass
2.1,77.0,9.1,Low,No,Yes,66.4,57.6,Pass
5.5,89.5,7.4,High,Yes,Yes,80.0,76.0,Good
1.3,65.9,7.1,Low,No,Yes,44.4,39.4,Fail
9.2,81.3,4.7,Medium,No,Yes,93.6,77.9,Good
3.3,94.3,9.2,High,No,Yes,74.2,74.4,Good
7.0,80.8,8.3,High,No,Yes,87.7,81.2,Good
3.8,61.6,4.4,Medium,Yes,Yes,57.5,49.7,Fail
5.7,51.2,8.2,Medium,No,Yes,49.5,53.8,Pass
5.9,93.5,7.3,Medium,No,Yes,84.5,73.9,Good
2.7,51.1,4.5,Medium,Yes,Yes,56.2,41.1,Fail
9.7,93.7,6.7,Medium,No,Yes,88.1,89.2,Excellent
8.0,76.4,6.9,Medium,No,No,78.6,79.0,Good
9.5,97.0,5.0,Medium,No,Yes,100.0,89.8,Excellent
9.1,89.9,9.7,Medium,No,Yes,91.1,92.4,Excellent
6.4,99.9,9.1,Medium,No,Yes,90.9,85.6,Excellent
9.3,67.5,8.0,High,Yes,Yes,81.3,88.9,Excellent
1.8,88.4,6.8,Medium,No,Yes,56.2,48.4,Fail
2.8,70.1,6.5,Low,Yes,Yes,61.9,51.7,Pass
1.4,74.0,7.9,Low,No,Yes,58.2,43.0,Fail
3.9,81.4,7.3,High,No,Yes,69.3,58.3,Pass
4.5,93.7,4.4,Medium,Yes,No,77.6,67.9,Pass
3.4,99.2,7.1,Low,Yes,No,78.1,67.6,Pass
8.5,88.4,8.8,Medium,No,Yes,89.2,85.8,Excellent
4.2,70.9,6.8,Medium,Yes,Yes,61.8,58.3,Pass
3.5,71.1,4.3,Medium,No,Yes,68.2,63.2,Pass
5.9,86.9,8.7,Medium,Yes,Yes,70.6,73.3,Good
2.3,61.9,5.2,Low,Yes,Yes,47.5,41.6,Fail
8.2,55.5,5.6,High,No,Yes,79.7,68.5,Pass
1.7,67.7,5.0,Medium,No,No,60.5,45.1,Fail
9.9,64.4,6.0,Medium,No,Yes,85.0,76.3,Good
8.0,64.8,8.5,High,Yes,Yes,71.8,74.6,Good
2.8,61.7,7.1,Medium,No,Yes,55.9,54.0,Pass
1.0,52.1,5.2,Medium,No,Yes,48.2,38.9,Fail
8.3,50.9,9.3,Medium,No,Yes,66.6,67.1,Pass
7.4,99.4,9.3,Medium,No,No,86.8,78.0,Good
7.6,71.4,9.2,High,No,Yes,83.3,79.4,Good
7.9,69.2,5.4,High,No,Yes,87.6,84.9,Good
1.7,84.0,6.7,Low,Yes,Yes,62.3,52.7,Pass
4.2,60.9,9.9,Low,No,Yes,67.9,61.2,Pass
2.0,97.5,8.6,High,Yes,Yes,61.6,71.3,Good
8.8,89.3,4.2,High,No,Yes,94.7,86.5,Excellent
6.6,54.5,4.4,High,Yes,Yes,65.9,58.3,Pass
4.0,70.9,6.8,Medium,No,No,68.8,49.6,Fail
1.6,94.0,9.5,Medium,No,Yes,66.8,65.1,Pass
3.8,97.2,7.2,High,Yes,Yes,83.8,75.6,Good
3.9,73.4,7.0,Medium,Yes,Yes,63.7,60.3,Pass
7.6,80.7,4.6,Medium,Yes,Yes,86.9,73.1,Good
6.7,58.4,7.9,Low,No,Yes,70.5,60.7,Pass
9.0,99.6,8.9,Medium,No,Yes,95.5,94.0,Excellent
5.2,61.6,6.3,Medium,Yes,Yes,67.1,60.7,Pass
2.1,97.1,8.7,Medium,No,Yes,66.9,60.7,Pass
7.4,82.5,9.8,High,Yes,Yes,83.9,90.1,Excellent
7.8,80.4,5.2,Medium,No,No,84.3,71.5,Good
6.1,75.6,7.1,High,No,Yes,77.6,67.6,Pass
7.9,61.5,5.7,Low,Yes,Yes,77.8,66.7,Pass
5.4,58.8,8.8,Medium,No,Yes,71.6,63.1,Pass
5.7,61.0,7.5,High,Yes,No,74.0,66.8,Pass
4.8,59.3,7.8,Low,Yes,Yes,60.4,58.9,Pass
1.2,89.0,8.8,Low,Yes,Yes,69.2,58.9,Pass
2.0,67.5,6.4,Medium,Yes,Yes,53.0,47.6,Fail
1.3,52.9,9.5,Low,No,Yes,53.6,38.4,Fail
6.7,98.5,7.2,High,No,Yes,91.0,89.0,Excellent
3.8,94.2,4.9,High,No,Yes,66.5,65.4,Pass
5.6,96.4,8.2,Medium,Yes,Yes,83.5,79.3,Good
9.2,99.7,8.8,Medium,Yes,Yes,94.6,90.1,Excellent
3.2,58.7,5.9,Medium,No,Yes,56.0,51.3,Pass
4.7,69.8,9.1,High,No,Yes,76.1,66.2,Pass
7.8,87.9,9.4,Low,Yes,Yes,84.2,80.9,Good
3.1,84.8,5.7,Medium,No,Yes,65.6,58.9,Pass
1.7,57.7,9.9,Medium,No,No,54.4,42.6,Fail
3.6,90.8,4.8,Medium,No,No,77.4,58.0,Pass
2.5,61.2,5.2,Medium,No,No,57.4,36.9,Fail
9.4,61.2,5.1,High,Yes,Yes,88.1,81.8,Good
8.3,76.8,9.4,Low,Yes,Yes,87.4,80.1,Good
6.7,79.6,7.9,Low,No,Yes,69.4,76.1,Good
8.8,79.0,4.9,High,Yes,Yes,84.9,79.2,Good
8.2,54.6,6.6,High,No,Yes,72.8,66.3,Pass
2.7,93.9,7.7,Low,No,Yes,74.3,61.4,Pass
9.0,63.3,4.5,Medium,Yes,Yes,68.8,68.6,Pass
5.9,56.5,9.3,Medium,No,Yes,80.8,66.4,Pass
8.3,94.4,8.8,Medium,Yes,Yes,94.4,93.8,Excellent
9.1,97.8,7.0,Medium,No,No,96.6,86.2,Excellent
3.9,93.1,9.8,Low,No,Yes,81.7,67.8,Pass
2.0,90.5,6.5,Medium,No,Yes,79.9,58.4,Pass
3.1,82.8,9.9,High,No,No,73.1,60.9,Pass
4.8,77.5,8.0,Medium,No,Yes,77.7,66.9,Pass
8.4,54.3,7.8,Medium,No,Yes,76.7,68.7,Pass
8.7,70.4,5.0,Low,No,Yes,83.1,68.8,Pass
1.1,68.6,9.3,High,Yes,Yes,53.8,57.4,Pass
5.6,63.0,6.6,High,Yes,No,65.7,65.7,Pass
4.8,86.2,5.0,High,Yes,Yes,72.7,68.3,Pass
3.0,74.8,4.1,High,Yes,Yes,58.7,49.1,Fail
2.1,54.1,7.4,High,No,Yes,53.5,45.2,Fail
4.0,61.0,7.2,Medium,No,Yes,55.1,49.4,Fail
9.5,84.2,8.3,Medium,No,No,92.8,84.6,Good
3.9,53.8,9.3,Medium,Yes,Yes,60.0,53.8,Pass
5.7,92.6,4.5,High,No,Yes,82.6,72.7,Good
7.3,74.8,8.4,High,Yes,Yes,77.9,78.3,Good
4.3,74.0,5.1,Medium,No,Yes,85.0,62.7,Pass
9.7,79.6,9.1,Low,No,No,97.8,86.7,Excellent
9.7,91.2,8.9,Medium,Yes,Yes,89.1,93.6,Excellent
3.3,67.4,7.2,High,Yes,Yes,64.6,57.3,Pass
5.5,83.9,8.3,Medium,Yes,Yes,74.7,76.9,Good
3.7,78.3,5.9,Medium,No,Yes,64.2,54.3,Pass
3.6,63.4,6.8,Medium,No,Yes,56.1,45.7,Fail
1.3,93.9,8.9,Medium,No,No,69.4,61.8,Pass
6.5,89.9,6.8,High,Yes,Yes,80.2,78.0,Good
5.5,82.9,6.1,Medium,No,No,82.3,69.8,Pass
1.5,92.5,7.0,High,No,Yes,72.1,56.5,Pass
3.5,93.4,9.0,Medium,No,Yes,81.5,77.0,Good
9.2,85.4,6.0,Medium,Yes,Yes,87.0,86.4,Excellent
3.2,91.9,5.0,Medium,Yes,Yes,75.2,60.6,Pass
2.3,84.9,8.3,High,No,No,70.2,58.3,Pass
5.4,84.0,9.0,Medium,Yes,Yes,75.1,79.2,Good
9.9,80.9,4.6,Medium,Yes,Yes,88.1,80.9,Good
3.2,87.6,5.4,Medium,Yes,Yes,79.2,63.6,Pass
7.0,57.9,4.9,High,No,Yes,74.0,58.1,Pass
7.9,94.0,6.1,Low,No,Yes,93.3,80.2,Good
3.1,93.6,6.7,High,No,Yes,69.3,66.0,Pass
7.6,51.5,8.5,Medium,No,Yes,65.9,65.6,Pass
4.3,91.3,7.9,Medium,No,Yes,73.8,65.3,Pass
6.7,56.4,7.7,Low,Yes,Yes,70.4,57.8,Pass
6.7,66.8,6.1,Medium,No,Yes,69.8,65.2,Pass
5.8,87.2,9.0,Medium,Yes,Yes,80.2,81.4,Good
1.8,58.0,6.8,Low,No,Yes,46.1,32.9,Fail
8.5,90.9,9.9,Medium,Yes,No,85.6,90.8,Excellent
3.9,91.6,7.8,High,Yes,Yes,78.6,75.5,Good
2.7,75.4,4.8,Low,Yes,Yes,67.5,55.7,Pass
1.4,50.3,8.1,High,Yes,Yes,48.0,44.6,Fail
6.3,64.4,6.0,Medium,Yes,Yes,67.8,55.6,Pass
7.1,80.8,8.1,Medium,Yes,Yes,77.0,76.5,Good
1.1,99.1,4.4,Medium,No,Yes,66.8,59.1,Pass
5.6,81.6,5.0,Low,No,Yes,80.5,62.6,Pass
3.0,63.0,9.1,Low,No,Yes,65.5,52.2,Pass
6.8,81.7,5.4,Low,No,Yes,79.0,67.7,Pass
2.6,77.0,9.0,Low,No,No,59.0,43.0,Fail
7.2,89.0,5.7,Medium,No,No,87.2,81.2,Good
4.5,55.3,7.9,High,No,Yes,58.7,53.4,Pass
9.4,88.1,8.2,High,Yes,Yes,90.6,95.0,Excellent
2.2,77.1,7.1,Medium,Yes,No,70.3,57.2,Pass
4.1,98.1,5.8,Low,No,Yes,82.6,72.2,Good
2.0,67.1,5.3,Medium,No,No,59.7,46.2,Fail
9.3,81.6,4.2,Medium,No,Yes,83.9,77.0,Good
8.9,96.6,5.8,Medium,Yes,No,95.8,85.6,Excellent
3.3,55.1,7.9,Medium,Yes,Yes,64.0,56.7,Pass
6.9,96.9,9.6,Medium,No,No,86.2,77.7,Good
8.4,84.4,9.2,Medium,Yes,Yes,94.8,91.9,Excellent
6.0,53.4,8.6,Medium,No,Yes,73.8,60.1,Pass
5.8,65.0,8.7,High,No,No,79.5,73.6,Good
3.2,85.4,8.0,High,No,Yes,71.8,67.8,Pass
1.8,53.4,5.6,Medium,No,Yes,55.7,43.2,Fail
9.1,79.1,9.4,High,No,Yes,95.5,92.0,Excellent
9.1,67.3,8.0,High,No,Yes,86.0,77.1,Good
6.7,81.0,7.4,Medium,No,No,78.4,68.9,Pass
4.1,52.3,4.7,Medium,No,Yes,57.9,48.0,Fail
4.1,93.6,6.7,Medium,Yes,Yes,78.1,72.2,Good
7.5,98.7,6.8,High,Yes,Yes,84.4,90.9,Excellent
9.1,98.4,9.2,High,Yes,Yes,95.4,100.0,Excellent
9.0,87.5,7.3,Low,No,Yes,96.9,82.5,Good
8.0,56.5,6.3,Medium,No,Yes,64.7,59.9,Pass
6.8,87.9,9.9,Medium,No,Yes,91.6,85.0,Excellent
1.8,51.2,4.7,Medium,Yes,No,57.3,32.7,Fail
2.5,51.1,6.5,Low,Yes,Yes,51.7,46.0,Fail
9.1,66.2,4.3,High,No,Yes,86.0,77.7,Good
6.5,74.4,8.4,Medium,Yes,No,77.4,75.8,Good
1.1,88.5,9.5,High,No,Yes,70.3,59.9,Pass
1.9,84.2,5.7,High,No,No,70.3,61.4,Pass
7.0,72.3,9.2,High,No,Yes,71.3,81.1,Good
1.0,63.7,5.8,Medium,Yes,No,57.1,39.2,Fail
2.4,99.9,9.5,Medium,Yes,Yes,72.5,73.6,Good
5.9,71.3,8.5,Low,Yes,No,74.7,65.9,Pass
7.2,72.6,8.8,Medium,No,Yes,75.7,68.7,Pass
6.9,58.2,4.1,Low,No,Yes,81.0,61.7,Pass
3.0,89.7,9.8,Medium,Yes,Yes,76.7,74.3,Good
7.4,84.7,8.4,Medium,No,Yes,81.1,77.1,Good
3.1,61.0,5.8,Low,No,Yes,53.7,46.9,Fail
3.9,54.1,9.0,Low,Yes,Yes,58.5,46.9,Fail
7.7,84.0,5.7,Low,No,Yes,87.8,70.7,Good
6.8,82.7,9.2,High,No,Yes,83.3,82.5,Good
8.6,63.7,4.7,High,Yes,Yes,87.0,77.6,Good
6.9,97.5,8.2,Medium,Yes,Yes,92.2,85.6,Excellent
6.1,57.6,7.2,Low,No,Yes,74.3,62.6,Pass
1.8,71.6,4.6,Low,No,Yes,61.7,46.2,Fail
4.3,97.2,5.5,Low,No,Yes,72.0,66.5,Pass
3.4,71.0,4.1,Low,No,Yes,64.3,48.2,Fail
3.2,81.9,6.8,High,No,Yes,74.3,67.3,Pass
9.8,69.9,5.8,Medium,Yes,Yes,86.8,79.5,Good
4.5,63.7,7.6,Medium,No,No,68.9,63.6,Pass
9.0,99.2,5.8,Low,No,Yes,94.7,83.4,Good
6.7,70.5,5.8,Medium,Yes,Yes,71.4,73.4,Good
8.2,94.7,8.5,Medium,No,Yes,90.8,87.9,Excellent
5.5,61.5,4.3,Medium,No,Yes,70.5,52.8,Pass
6.2,60.7,9.4,Medium,Yes,Yes,67.7,71.0,Good
5.4,51.6,9.1,Low,No,Yes,63.5,55.5,Pass
2.8,82.6,8.0,Medium,Yes,Yes,63.0,63.4,Pass
7.5,68.4,7.6,Medium,Yes,Yes,84.2,80.0,Good
3.5,93.2,9.4,Medium,Yes,Yes,73.2,73.1,Good
1.2,73.7,5.1,High,No,Yes,66.0,50.4,Pass
6.8,98.4,4.5,Medium,No,Yes,95.8,84.5,Good
2.6,59.3,5.4,Medium,Yes,Yes,57.4,47.4,Fail
9.5,93.4,8.8,Medium,No,No,90.5,91.1,Excellent
9.6,88.8,4.2,Medium,Yes,Yes,83.7,75.9,Good
9.2,88.5,7.5,Medium,No,Yes,85.4,86.4,Excellent
4.3,92.2,10.0,Medium,No,No,70.2,67.6,Pass
1.1,88.1,9.1,High,No,Yes,71.1,69.4,Pass
9.4,81.3,7.1,Low,No,Yes,90.8,83.7,Good
4.9,56.6,4.4,Medium,Yes,Yes,66.6,55.0,Pass
9.7,51.6,9.0,Medium,Yes,No,68.5,72.1,Good
9.7,96.0,7.6,High,No,Yes,91.3,90.9,Excellent
8.7,80.8,4.7,Medium,No,Yes,92.1,84.7,Good
3.7,89.8,4.6,Medium,Yes,Yes,75.1,70.9,Good
4.5,74.1,9.5,Low,Yes,No,69.5,63.6,Pass
8.7,55.9,8.0,Medium,Yes,Yes,80.5,79.4,Good
3.9,56.3,9.0,Low,No,Yes,69.2,52.9,Pass
2.5,84.3,9.3,Medium,Yes,No,66.4,59.7,Pass
6.0,71.5,7.4,Low,No,Yes,75.0,64.7,Pass
9.4,60.0,7.1,Medium,No,Yes,83.0,76.7,Good
7.3,74.6,6.6,Medium,No,Yes,92.2,76.1,Good
6.1,53.2,5.9,Medium,Yes,Yes,57.2,56.7,Pass
1.9,79.1,6.6,High,No,No,66.6,56.9,Pass
6.5,63.4,8.6,Medium,Yes,Yes,72.7,66.4,Pass
9.9,89.9,7.6,Medium,No,No,98.5,92.1,Excellent
2.3,65.5,9.4,Medium,No,Yes,55.8,54.3,Pass
5.7,72.8,6.7,Low,Yes,Yes,73.7,65.0,Pass
8.9,50.6,7.6,High,No,No,79.9,75.3,Good
7.7,53.6,7.8,Low,No,Yes,88.8,65.8,Pass
7.3,69.6,7.6,Medium,No,Yes,82.3,74.7,Good
7.3,74.0,8.2,Medium,Yes,Yes,76.0,71.7,Good
4.2,80.0,5.4,Medium,No,No,69.7,55.3,Pass
3.6,64.6,7.1,Medium,No,Yes,61.3,51.7,Pass
8.3,84.7,4.6,Medium,No,Yes,78.9,71.8,Good
8.3,93.0,6.3,Low,No,Yes,89.6,79.3,Good
8.8,89.0,6.9,High,Yes,Yes,95.1,91.5,Excellent
9.2,52.0,7.9,Medium,No,Yes,71.7,71.7,Good
5.6,74.0,9.7,High,No,Yes,79.5,74.6,Good
5.5,55.2,7.6,High,No,Yes,68.8,57.5,Pass
8.2,62.1,8.5,High,No,Yes,74.8,78.1,Good
6.8,99.3,7.0,Medium,Yes,Yes,88.0,82.2,Good
7.3,57.1,7.8,Medium,Yes,No,81.5,69.5,Pass
8.2,74.9,4.4,High,Yes,Yes,87.2,80.8,Good
9.0,80.9,5.5,Medium,Yes,No,88.9,81.3,Good
4.0,85.1,6.2,Low,No,Yes,72.0,64.0,Pass
4.4,78.0,6.8,High,Yes,Yes,71.9,69.8,Pass
1.8,50.5,4.3,High,Yes,No,49.1,36.2,Fail
6.2,66.3,4.8,Medium,No,Yes,62.7,64.3,Pass
1.3,75.9,5.7,Low,No,Yes,70.2,50.2,Pass
5.2,54.4,9.8,Medium,No,No,65.7,57.9,Pass
5.9,67.5,6.0,High,No,Yes,74.6,69.7,Pass
3.6,51.7,6.9,High,Yes,Yes,57.9,53.7,Pass
6.3,53.9,5.2,Medium,No,Yes,65.0,56.9,Pass
1.3,69.8,7.7,Low,No,Yes,56.5,52.7,Pass
1.3,56.6,5.7,High,Yes,Yes,44.3,40.8,Fail
8.4,78.4,5.2,Medium,No,Yes,97.1,80.3,Good
4.2,84.5,7.1,Medium,No,Yes,67.5,63.9,Pass
2.1,90.0,4.0,High,Yes,Yes,63.4,62.0,Pass
5.7,60.0,4.0,Low,Yes,Yes,66.8,49.5,Fail
7.9,58.4,5.3,Medium,Yes,Yes,82.5,64.4,Pass
2.9,55.2,4.2,Low,Yes,Yes,57.5,40.5,Fail
6.6,81.8,4.6,Medium,No,Yes,74.7,63.0,Pass
1.8,85.3,6.0,High,No,Yes,71.6,59.4,Pass
1.5,51.6,8.8,Medium,Yes,Yes,54.4,47.6,Fail
5.8,96.8,7.4,High,No,Yes,86.7,79.6,Good
5.9,52.6,7.1,Medium,No,Yes,70.1,54.8,Pass
6.7,77.1,5.8,Medium,No,No,91.4,73.4,Good
7.5,85.5,9.6,Medium,No,Yes,96.5,90.0,Excellent
9.8,93.5,6.4,Medium,Yes,Yes,93.2,86.3,Excellent
5.6,85.7,4.5,Medium,No,Yes,87.2,73.9,Good
3.9,90.1,7.7,Low,No,Yes,76.6,68.4,Pass
8.2,67.0,4.7,Medium,No,No,82.8,71.5,Good
3.4,90.7,6.1,Medium,No,No,64.9,62.5,Pass
5.0,54.0,7.0,High,Yes,Yes,63.1,66.0,Pass
1.7,94.7,9.2,Medium,No,Yes,64.8,61.4,Pass
1.2,77.4,7.0,High,Yes,No,64.4,55.8,Pass
9.7,90.9,8.2,Low,No,No,100.0,87.5,Excellent
8.5,72.6,10.0,Medium,No,Yes,73.5,77.4,Good
7.3,82.2,4.8,Medium,Yes,Yes,83.2,79.9,Good
4.7,76.3,5.6,Medium,No,Yes,77.5,60.0,Pass
2.6,86.6,6.4,Low,Yes,No,67.7,53.4,Pass
2.4,54.1,6.5,High,No,Yes,58.7,52.7,Pass
3.3,53.0,6.5,High,No,Yes,59.3,53.5,Pass
5.9,62.4,9.4,Medium,No,Yes,72.5,65.6,Pass
7.4,58.0,8.3,Low,No,Yes,72.8,67.1,Pass
6.9,93.6,7.6,High,No,Yes,80.6,83.2,Good
3.5,61.0,5.9,Medium,No,No,56.1,50.8,Pass
9.6,98.8,8.9,High,No,Yes,100.0,100.0,Excellent
7.6,66.8,9.7,High,No,Yes,78.6,81.3,Good
6.0,59.1,8.9,High,Yes,Yes,68.9,76.6,Good
6.5,89.5,4.0,Medium,No,Yes,81.4,73.5,Good
4.8,82.9,7.8,Low,Yes,Yes,73.4,67.0,Pass
3.2,74.9,4.3,Medium,No,Yes,71.5,57.8,Pass
4.2,77.8,5.5,Medium,Yes,Yes,69.1,60.7,Pass
7.8,86.0,4.4,High,Yes,Yes,80.1,86.1,Excellent
1.1,61.4,7.6,Low,No,Yes,57.2,43.1,Fail
2.0,99.8,8.1,Low,No,Yes,71.1,61.8,Pass
1.4,98.7,4.7,High,Yes,No,69.6,58.5,Pass
1.4,82.5,6.3,High,Yes,No,70.8,62.2,Pass
8.7,60.0,6.7,High,No,Yes,79.3,77.2,Good
7.3,84.0,6.2,High,No,Yes,85.7,78.7,Good
5.3,53.6,4.7,Medium,Yes,No,59.0,51.7,Pass
1.9,51.5,6.5,Medium,Yes,Yes,51.1,37.8,Fail
5.4,62.9,8.5,High,No,No,72.2,65.6,Pass
5.3,73.1,4.4,Medium,Yes,No,64.9,59.0,Pass
2.6,93.4,4.5,Medium,No,Yes,72.3,65.2,Pass
4.9,86.4,6.1,Low,No,Yes,77.2,62.9,Pass
4.6,87.1,9.7,Medium,No,No,76.1,66.7,Pass
6.5,71.3,8.0,High,Yes,Yes,81.6,74.7,Good
6.7,67.3,8.1,Medium,No,Yes,77.1,65.9,Pass
1.4,68.6,6.2,Medium,No,Yes,64.7,53.2,Pass
4.4,99.4,7.6,Medium,No,Yes,75.1,76.8,Good
6.6,52.0,4.1,Medium,No,Yes,69.7,57.1,Pass
5.5,93.4,7.8,Medium,No,Yes,82.1,80.1,Good
8.7,78.9,9.5,Medium,No,No,81.7,80.8,Good
6.9,71.9,7.7,High,No,Yes,82.8,76.2,Good
2.5,86.3,9.2,Medium,No,Yes,79.8,66.8,Pass
1.6,74.3,8.3,Low,No,Yes,60.4,49.1,Fail
6.8,93.7,4.7,Low,No,Yes,88.7,70.0,Pass
1.2,95.0,9.4,Medium,Yes,Yes,67.8,65.6,Pass
6.3,71.1,4.4,Medium,No,No,71.8,60.2,Pass
9.5,63.8,7.2,High,No,No,74.6,76.7,Good
6.2,79.6,4.9,Medium,Yes,Yes,74.9,68.9,Pass
4.5,95.6,4.1,High,Yes,Yes,72.0,69.3,Pass
6.8,60.5,6.5,Medium,No,Yes,81.5,64.9,Pass
5.1,81.1,5.8,Medium,No,Yes,74.8,66.0,Pass
5.9,81.6,6.9,Medium,No,Yes,76.6,72.5,Good
9.5,86.7,7.5,High,Yes,Yes,97.3,91.4,Excellent
4.5,56.6,4.3,Medium,No,No,57.7,45.9,Fail
9.7,85.8,4.7,Medium,Yes,Yes,89.3,85.4,Excellent
9.1,95.5,7.4,Medium,No,Yes,95.5,88.6,Excellent
2.8,59.0,6.1,Low,Yes,Yes,63.4,46.3,Fail
1.6,61.9,8.4,Medium,Yes,Yes,57.9,51.1,Pass
1.9,98.6,7.9,Medium,Yes,Yes,72.3,63.7,Pass
1.2,59.0,9.1,Medium,Yes,Yes,53.1,48.5,Fail
1.8,92.7,8.2,Medium,Yes,Yes,70.6,62.2,Pass
7.1,74.6,6.6,Medium,Yes,Yes,80.9,77.7,Good
1.6,62.4,8.0,High,No,Yes,50.5,55.1,Pass
3.9,93.5,5.7,High,No,Yes,76.2,67.1,Pass
8.6,72.3,5.8,High,Yes,Yes,78.7,80.0,Good
1.2,75.7,8.7,Low,No,Yes,59.9,47.6,Fail
8.3,68.0,6.7,Low,Yes,No,78.9,72.9,Good
3.5,79.6,8.8,Medium,No,Yes,81.9,64.9,Pass
2.1,58.2,8.9,Medium,Yes,Yes,55.3,51.6,Pass
7.3,69.6,9.1,Medium,Yes,Yes,71.2,70.6,Good
6.7,98.5,9.5,Low,No,Yes,87.0,81.6,Good
8.9,62.9,6.6,Medium,No,Yes,83.9,71.5,Good
7.6,82.8,5.9,Low,No,Yes,93.2,79.5,Good
8.2,66.3,7.5,High,No,Yes,77.4,73.1,Good
3.5,88.7,6.2,Medium,No,Yes,64.9,62.4,Pass
2.6,56.5,7.6,Medium,Yes,No,60.8,48.1,Fail
7.8,98.5,8.2,Low,Yes,Yes,84.6,83.8,Good
8.3,72.7,8.1,Medium,Yes,No,80.8,77.4,Good
9.9,61.8,6.2,Medium,Yes,Yes,83.1,75.7,Good
4.7,53.7,5.0,High,No,Yes,62.6,54.1,Pass
4.3,58.5,6.6,High,No,No,67.1,60.7,Pass
8.0,76.0,4.9,Medium,Yes,Yes,79.9,71.7,Good
4.1,66.9,9.3,High,No,Yes,64.6,66.6,Pass
9.4,91.4,6.1,High,No,Yes,94.3,95.2,Excellent
8.7,71.5,4.9,High,Yes,Yes,84.9,77.2,Good
4.9,62.4,4.2,High,Yes,Yes,67.5,54.7,Pass
7.8,80.9,7.9,Medium,Yes,Yes,86.7,83.0,Good
7.8,85.3,7.8,Medium,Yes,No,90.6,81.4,Good
1.9,58.4,6.0,Low,Yes,Yes,57.1,48.8,Fail
9.1,58.4,4.4,Low,No,No,82.6,65.1,Pass
5.5,51.8,6.5,High,Yes,No,57.2,52.6,Pass
8.4,86.8,5.9,Medium,Yes,Yes,89.5,80.3,Good
3.9,83.2,8.1,High,No,Yes,74.3,72.7,Good
9.1,73.7,7.6,High,No,No,89.8,81.4,Good
4.5,92.2,6.2,High,No,No,74.2,69.0,Pass
1.1,90.3,5.3,High,Yes,Yes,61.7,60.3,Pass
9.1,79.3,9.9,Medium,Yes,Yes,85.9,86.4,Excellent
1.8,93.4,6.7,Low,No,Yes,71.4,58.1,Pass
3.9,60.3,8.1,Medium,Yes,Yes,67.8,59.1,Pass
9.6,55.6,4.8,Low,Yes,Yes,78.6,70.3,Good
9.6,63.5,6.9,Low,No,Yes,88.4,77.4,Good
6.2,52.9,4.2,Medium,No,Yes,68.3,54.2,Pass
6.7,76.6,7.0,High,No,Yes,78.4,74.8,Good
5.0,96.8,9.8,Medium,No,Yes,80.3,77.3,Good
3.6,52.0,6.3,Medium,No,Yes,62.3,44.6,Fail
4.0,56.1,4.2,Medium,Yes,Yes,62.9,51.0,Pass
7.1,72.6,4.2,Medium,Yes,Yes,90.1,79.4,Good
7.8,96.7,6.3,Low,Yes,Yes,86.6,78.9,Good
8.1,65.8,5.0,High,Yes,Yes,82.3,73.1,Good
8.1,75.4,4.1,Medium,No,Yes,80.9,68.8,Pass
1.8,52.1,8.5,High,No,No,47.9,45.3,Fail
5.4,57.4,6.8,Low,No,Yes,67.0,56.1,Pass
1.5,99.3,5.7,High,Yes,Yes,70.7,65.0,Pass
5.9,98.3,9.4,Medium,Yes,Yes,99.7,87.6,Excellent
5.0,50.2,4.7,Medium,Yes,No,61.6,49.5,Fail
9.0,97.6,9.7,Medium,Yes,Yes,89.8,89.6,Excellent
4.2,82.0,5.9,High,Yes,Yes,73.7,68.7,Pass
2.1,93.4,9.3,Medium,No,Yes,59.2,63.4,Pass
2.3,72.7,7.6,Medium,No,Yes,61.6,49.9,Fail
7.9,75.8,9.0,High,No,Yes,82.9,77.4,Good
6.6,74.4,9.9,High,No,Yes,81.7,84.0,Good
1.9,83.3,5.7,Medium,No,Yes,69.9,54.5,Pass
1.8,57.0,9.8,High,Yes,Yes,51.4,55.1,Pass
7.3,51.5,6.3,Medium,Yes,Yes,70.4,62.9,Pass
1.7,65.4,6.3,Medium,Yes,Yes,53.1,46.0,Fail
8.4,85.2,6.0,Medium,No,No,82.8,78.1,Good
7.4,60.1,7.2,High,No,Yes,76.3,68.2,Pass
1.7,83.7,4.9,High,Yes,No,58.2,53.5,Pass
1.8,98.5,7.3,Medium,No,Yes,68.5,61.2,Pass
9.9,54.7,7.3,Medium,No,Yes,76.5,68.6,Pass
4.4,83.6,8.6,Medium,Yes,Yes,76.5,72.5,Good
4.3,72.2,9.0,High,Yes,No,78.1,69.4,Pass
8.3,93.4,6.6,High,No,Yes,85.0,85.3,Excellent
9.5,58.9,5.8,Medium,No,Yes,72.6,65.6,Pass
9.9,84.6,5.6,High,Yes,Yes,92.8,95.3,Excellent
7.8,91.9,5.2,High,No,Yes,89.1,86.0,Excellent
4.4,97.2,4.3,Medium,Yes,Yes,80.3,73.7,Good
1.8,84.2,6.1,Low,No,Yes,62.6,49.8,Fail
8.0,74.9,5.6,Medium,No,Yes,81.9,68.5,Pass
6.0,80.9,9.8,Medium,No,Yes,80.3,82.0,Good
4.8,93.4,7.3,Medium,No,Yes,84.4,74.7,Good
9.2,78.5,6.1,Medium,No,Yes,78.7,74.8,Good
2.0,51.5,7.5,High,No,Yes,50.8,46.2,Fail
5.4,96.5,4.8,Low,Yes,Yes,83.7,75.8,Good
1.1,84.5,6.7,Medium,No,Yes,58.1,51.2,Pass
5.2,83.8,7.8,Medium,Yes,Yes,85.4,79.8,Good
1.5,60.8,6.9,Medium,No,No,51.4,44.2,Fail
2.1,82.9,6.4,Medium,No,No,65.2,50.5,Pass
2.1,69.7,10.0,Medium,No,No,62.9,52.1,Pass
6.8,82.6,9.3,Low,No,Yes,79.0,77.3,Good
7.7,55.3,7.7,Medium,No,Yes,64.9,55.3,Pass
6.3,82.9,7.4,Medium,Yes,Yes,77.9,74.3,Good
9.7,100.0,7.7,Low,No,Yes,100.0,88.4,Excellent
4.4,52.4,5.2,High,Yes,Yes,59.6,51.9,Pass
3.6,98.9,6.4,Medium,Yes,Yes,72.8,68.4,Pass
8.8,70.3,4.2,Medium,Yes,No,88.6,73.9,Good
3.0,93.5,6.9,High,No,No,71.3,63.7,Pass
9.7,89.1,7.3,Low,No,Yes,91.9,82.3,Good
1.1,78.4,5.4,Low,No,Yes,61.0,52.6,Pass
9.7,86.9,9.8,High,No,Yes,97.7,100.0,Excellent
1.4,93.9,9.5,Medium,Yes,Yes,79.3,66.1,Pass
9.0,70.2,8.3,Medium,Yes,Yes,88.8,88.4,Excellent
5.7,66.4,7.2,High,No,Yes,77.5,67.9,Pass
9.9,83.4,9.2,High,No,Yes,90.6,93.3,Excellent
1.7,90.4,4.8,High,No,Yes,61.9,56.0,Pass
6.0,88.1,8.7,Medium,Yes,Yes,81.5,77.1,Good
9.7,89.9,4.7,Medium,No,Yes,95.5,89.6,Excellent
5.7,71.8,8.8,Medium,No,Yes,68.3,66.6,Pass
6.7,90.9,5.7,Low,Yes,No,83.8,71.5,Good
7.3,56.0,9.3,Medium,No,Yes,74.8,64.9,Pass
5.1,77.2,9.7,Medium,No,Yes,75.5,67.9,Pass
6.6,50.3,4.9,High,No,Yes,70.9,55.5,Pass
6.3,66.2,6.8,Medium,Yes,Yes,74.9,67.7,Pass
9.1,68.3,9.9,Medium,No,No,81.7,75.2,Good
1.4,69.8,6.9,Medium,Yes,Yes,55.3,48.1,Fail
3.5,84.8,9.2,Low,Yes,Yes,65.3,67.2,Pass
9.6,69.4,7.5,Low,No,Yes,95.1,84.7,Good
9.0,72.4,6.3,Medium,No,No,85.6,75.8,Good
5.1,61.9,5.7,Low,Yes,Yes,66.5,55.2,Pass
6.6,68.7,5.2,Medium,No,Yes,70.9,68.9,Pass
3.5,61.4,8.6,High,No,Yes,76.5,65.2,Pass
2.7,53.7,6.3,High,No,Yes,50.5,44.5,Fail
5.2,80.2,7.1,Medium,No,Yes,73.0,62.5,Pass
4.2,83.4,7.0,Medium,No,Yes,75.1,67.1,Pass
6.3,81.0,7.5,High,No,Yes,82.3,79.5,Good
1.7,73.2,9.2,High,Yes,No,65.0,57.1,Pass
9.8,69.0,9.9,Low,Yes,Yes,95.8,88.2,Excellent
9.9,93.2,6.4,High,No,Yes,99.4,94.0,Excellent
7.3,76.0,9.0,Medium,No,Yes,75.6,74.1,Good
5.8,74.0,8.6,High,No,Yes,73.7,64.6,Pass
3.8,51.3,7.4,High,Yes,Yes,60.3,54.5,Pass
8.3,67.1,9.7,Low,Yes,Yes,91.3,84.0,Good
7.2,69.0,5.2,High,No,Yes,70.7,65.8,Pass
2.5,69.9,4.7,Medium,Yes,Yes,67.6,53.3,Pass
9.2,79.0,9.1,High,No,Yes,89.7,87.0,Excellent
8.4,76.7,6.6,Medium,Yes,Yes,89.3,82.8,Good
9.5,80.4,9.1,High,No,Yes,90.1,90.0,Excellent
7.5,88.2,9.4,Low,No,Yes,82.4,76.5,Good
6.5,90.6,4.4,Medium,Yes,Yes,87.8,81.2,Good
4.8,85.9,9.3,Low,No,No,79.3,71.1,Good
9.4,97.8,6.7,High,Yes,No,100.0,94.0,Excellent
8.8,50.9,7.1,High,No,Yes,76.1,72.8,Good
1.4,59.8,7.8,High,No,Yes,50.8,48.0,Fail
1.2,50.4,9.6,High,No,Yes,41.7,44.1,Fail
4.4,82.4,4.1,Low,No,No,77.4,52.7,Pass
8.3,94.9,6.9,Medium,No,Yes,94.1,90.2,Excellent
9.9,62.2,8.1,Low,Yes,Yes,79.6,74.7,Good
2.4,96.4,8.3,Medium,Yes,Yes,69.1,65.9,Pass
6.3,53.0,8.2,Medium,No,No,66.1,66.4,Pass
4.4,96.7,4.8,Medium,No,Yes,71.8,66.9,Pass
9.7,67.6,5.8,Medium,No,Yes,82.0,74.9,Good
8.6,55.1,6.2,Low,No,Yes,71.4,56.1,Pass
8.5,74.3,8.8,Low,No,Yes,82.6,81.1,Good
5.2,62.8,5.7,Low,No,Yes,64.7,49.3,Fail
4.7,64.2,5.3,High,No,Yes,59.1,52.6,Pass
3.5,65.4,9.7,High,No,Yes,73.4,64.2,Pass
1.5,90.2,4.1,High,No,Yes,72.6,63.2,Pass
8.8,77.0,10.0,Medium,Yes,Yes,82.6,87.4,Excellent
8.3,65.6,8.1,Medium,Yes,Yes,81.7,76.8,Good
10.0,80.5,9.0,High,Yes,Yes,94.3,96.2,Excellent
10.0,85.8,5.8,Medium,Yes,Yes,100.0,89.5,Excellent
6.0,63.6,4.1,Medium,Yes,Yes,67.4,59.6,Pass
7.9,70.7,8.4,Medium,No,Yes,86.5,78.4,Good
9.5,56.1,9.0,Low,No,Yes,78.0,75.2,Good
8.6,59.1,8.4,Medium,No,Yes,72.2,73.8,Good
3.2,84.1,4.9,Medium,No,No,73.5,59.5,Pass
5.1,59.1,8.5,Medium,Yes,Yes,72.8,63.2,Pass
2.2,76.3,8.6,Low,Yes,Yes,76.0,62.8,Pass
9.6,85.5,8.0,Medium,Yes,Yes,86.7,87.9,Excellent
6.5,55.3,8.6,High,No,Yes,73.2,64.7,Pass
3.1,78.4,9.1,Low,Yes,No,65.0,56.6,Pass
7.0,62.8,7.7,Medium,Yes,No,78.7,69.7,Pass
6.6,98.1,4.5,High,No,Yes,79.9,80.3,Good
4.2,74.2,6.9,Low,No,Yes,63.1,54.9,Pass
2.0,90.3,4.5,Low,Yes,Yes,64.3,49.9,Fail
7.0,77.5,6.4,Medium,No,Yes,81.1,73.1,Good
5.7,52.2,6.4,Medium,No,Yes,62.6,54.9,Pass
8.0,81.7,4.4,Medium,No,Yes,88.8,77.0,Good
5.7,97.6,6.1,High,No,Yes,89.0,84.0,Good
8.7,80.1,4.7,Low,Yes,Yes,90.4,80.9,Good
6.0,91.0,8.8,Medium,Yes,No,90.4,79.8,Good
6.0,94.2,9.7,Medium,No,Yes,85.9,80.4,Good
8.9,61.4,4.4,Low,No,No,74.6,59.0,Pass
4.6,60.6,9.7,Medium,No,Yes,72.3,65.4,Pass
2.2,80.5,7.1,Medium,No,Yes,61.9,59.5,Pass
1.3,70.6,5.8,Medium,No,Yes,62.2,46.9,Fail
7.8,92.0,4.5,Low,No,Yes,97.0,78.8,Good
6.6,95.0,7.0,Medium,No,Yes,88.3,85.2,Excellent
7.3,67.7,8.8,Medium,No,Yes,70.3,71.4,Good
2.9,61.8,8.2,High,Yes,No,55.4,54.7,Pass
2.2,89.0,4.3,Low,No,Yes,75.0,52.2,Pass
1.1,63.7,4.4,Medium,Yes,Yes,53.6,44.1,Fail
4.2,91.1,6.4,Medium,Yes,No,76.4,65.1,Pass
6.3,71.2,5.8,High,No,Yes,79.4,67.1,Pass
4.5,83.4,5.4,Medium,Yes,Yes,77.7,66.5,Pass
4.9,54.8,5.7,Medium,Yes,Yes,65.6,53.8,Pass
9.1,81.2,8.8,High,Yes,No,88.4,88.1,Excellent
4.1,72.6,9.6,High,No,No,66.9,59.9,Pass
5.6,79.3,6.4,Medium,No,No,80.7,70.7,Good
8.1,58.4,9.4,Medium,No,Yes,79.3,76.9,Good
4.6,86.8,5.9,High,Yes,No,74.4,63.3,Pass
6.6,93.1,6.9,High,No,Yes,90.8,87.0,Excellent
8.8,60.8,5.4,High,No,Yes,79.4,70.5,Good
9.5,54.8,7.8,Medium,Yes,Yes,76.1,77.1,Good
2.3,51.2,9.9,Low,No,Yes,49.8,42.7,Fail
9.3,82.1,7.6,Medium,Yes,No,85.6,83.7,Good
5.4,80.4,6.1,High,No,No,74.8,67.3,Pass
3.3,77.3,7.9,Medium,No,Yes,73.7,66.5,Pass
5.1,61.6,4.7,Medium,No,Yes,63.6,50.1,Pass
9.8,69.5,9.3,High,Yes,Yes,88.1,91.5,Excellent
5.4,79.7,7.0,Medium,No,No,72.6,68.4,Pass
4.0,74.8,6.7,High,No,Yes,67.5,64.5,Pass
6.7,99.4,7.5,Medium,No,Yes,80.7,87.1,Excellent
3.2,56.8,7.7,Medium,No,Yes,57.7,48.1,Fail
1.7,84.8,4.4,Medium,Yes,Yes,63.8,56.7,Pass
2.2,70.2,8.1,High,Yes,Yes,63.3,58.6,Pass
2.2,71.4,5.5,Low,No,No,62.2,48.6,Fail
2.4,85.9,8.3,Low,No,Yes,61.6,55.7,Pass
2.2,84.6,8.9,High,No,Yes,72.1,65.1,Pass
6.8,99.6,8.8,Low,Yes,Yes,89.6,88.8,Excellent
2.6,56.4,7.3,Medium,No,Yes,57.8,46.1,Fail
4.1,55.2,7.1,Medium,Yes,No,61.4,47.9,Fail
9.1,86.2,4.9,Medium,No,Yes,88.6,79.7,Good
5.3,78.9,8.7,Medium,No,Yes,76.1,72.1,Good
7.0,63.7,5.6,Medium,No,Yes,77.4,70.2,Good
2.6,54.0,7.0,Medium,Yes,Yes,46.8,44.1,Fail
2.7,54.3,5.7,Medium,No,Yes,53.6,47.1,Fail
1.4,94.7,4.8,Medium,Yes,Yes,66.4,53.5,Pass
2.5,59.6,7.8,Low,Yes,Yes,58.9,47.1,Fail
3.5,66.2,4.3,Medium,No,Yes,69.7,52.1,Pass
2.6,61.3,8.5,Low,No,Yes,54.8,46.2,Fail
1.8,67.7,5.9,Medium,Yes,Yes,55.9,48.3,Fail
2.1,53.5,4.0,Medium,No,Yes,51.1,39.8,Fail
5.1,76.0,7.1,Low,No,Yes,69.4,59.7,Pass
2.9,53.4,4.3,High,No,No,54.6,42.8,Fail
4.3,90.0,5.7,Medium,Yes,No,79.8,68.0,Pass
5.5,61.7,8.2,High,No,Yes,63.8,60.4,Pass
7.2,77.0,4.4,High,Yes,Yes,83.2,75.6,Good
1.4,94.0,9.0,Medium,Yes,Yes,58.8,60.2,Pass
8.2,82.5,4.0,Low,Yes,Yes,83.9,73.3,Good
6.7,76.6,5.5,Medium,No,No,77.3,66.9,Pass
1.7,66.2,8.4,High,Yes,Yes,65.9,58.5,Pass
8.9,66.7,5.9,Medium,Yes,Yes,81.3,74.2,Good
9.3,83.5,4.6,Low,Yes,No,79.9,78.0,Good
1.5,99.7,6.2,Medium,No,No,60.3,51.6,Pass
3.5,83.1,5.6,High,No,Yes,70.6,61.2,Pass
8.3,77.9,9.1,High,Yes,Yes,88.1,96.2,Excellent
7.7,86.5,5.9,Low,No,Yes,88.6,73.4,Good
2.7,73.3,8.7,Medium,No,Yes,64.5,53.5,Pass
2.9,53.0,9.4,Medium,No,No,62.1,52.2,Pass
4.3,78.1,6.6,Medium,Yes,No,68.7,55.4,Pass
5.4,97.9,9.5,High,No,Yes,87.4,84.2,Good
6.6,58.8,6.3,Medium,No,Yes,63.3,65.2,Pass
4.3,84.5,9.8,Medium,No,No,69.4,62.0,Pass
5.2,60.0,4.5,Low,Yes,Yes,58.1,44.0,Fail
7.7,76.8,8.1,High,No,Yes,81.4,75.6,Good
1.3,54.8,7.0,High,No,Yes,51.4,46.5,Fail
3.3,72.5,6.3,Medium,No,Yes,66.0,59.2,Pass
7.4,87.8,7.8,High,Yes,Yes,86.4,84.6,Good
9.1,67.4,8.2,Low,Yes,Yes,79.0,77.8,Good
5.6,83.2,4.0,Medium,No,Yes,77.0,70.0,Pass
5.8,89.8,5.0,Medium,No,Yes,73.7,73.7,Good
2.0,96.4,8.3,Low,Yes,Yes,77.2,65.4,Pass
5.0,61.7,8.0,Medium,No,Yes,65.8,52.5,Pass
5.8,70.0,9.8,High,Yes,Yes,70.8,71.0,Good
3.2,57.6,8.6,Low,No,No,67.1,48.7,Fail
3.4,99.6,9.7,Medium,No,Yes,70.6,70.5,Good
4.4,96.4,8.2,Medium,No,Yes,73.3,71.0,Good
1.2,77.0,5.8,Medium,No,Yes,54.5,49.9,Fail
3.9,92.1,4.6,High,Yes,No,75.1,71.2,Good
2.9,76.0,8.7,Medium,No,Yes,67.7,59.7,Pass
3.9,81.2,7.9,Medium,Yes,Yes,75.0,71.3,Good
2.1,54.5,4.3,High,No,Yes,66.9,48.8,Fail
9.0,87.8,6.2,Low,No,Yes,80.4,77.5,Good
6.3,56.4,9.7,Medium,No,Yes,72.8,69.2,Pass
7.1,91.3,7.0,Medium,Yes,Yes,83.6,81.3,Good
8.1,89.1,6.6,Medium,No,Yes,86.1,87.5,Excellent
5.5,85.4,6.7,High,Yes,Yes,75.3,70.3,Good
1.8,51.8,5.3,High,Yes,Yes,47.4,40.3,Fail
5.8,65.2,6.2,Medium,No,Yes,79.9,65.0,Pass
6.3,63.2,6.2,High,No,Yes,76.5,68.9,Pass
7.7,68.0,4.3,Low,No,Yes,79.3,68.7,Pass
4.9,54.4,8.6,Low,Yes,Yes,70.6,58.6,Pass
2.1,96.8,6.5,Medium,Yes,Yes,63.7,57.4,Pass
3.6,77.7,8.9,Medium,No,Yes,61.9,62.9,Pass
4.3,65.3,9.1,Medium,No,No,55.2,56.2,Pass
6.8,69.8,5.3,Medium,Yes,No,73.3,59.4,Pass
6.1,72.4,7.9,High,No,Yes,76.2,72.4,Good
4.2,80.0,6.8,Medium,No,Yes,72.2,58.9,Pass
9.9,75.8,9.3,Medium,No,Yes,90.6,85.6,Excellent
6.5,96.0,5.3,Low,No,No,78.9,66.7,Pass
3.1,74.8,8.1,Low,No,Yes,69.9,59.8,Pass
1.9,99.6,7.6,Medium,No,Yes,72.7,65.6,Pass
2.4,92.6,5.8,Medium,No,Yes,74.0,58.1,Pass
3.2,60.4,4.8,High,Yes,Yes,51.0,51.4,Pass
2.4,96.5,7.9,Low,No,No,73.7,57.1,Pass
2.7,55.8,8.4,Low,No,Yes,50.8,44.4,Fail
3.6,90.9,5.9,Medium,No,Yes,71.8,61.3,Pass
2.6,69.0,7.9,Medium,Yes,No,64.2,53.5,Pass
9.1,93.9,6.4,Low,No,Yes,94.8,86.8,Excellent
1.7,93.4,8.3,High,No,Yes,64.1,65.0,Pass
5.7,90.3,5.2,Low,Yes,Yes,81.2,74.7,Good
4.7,89.5,9.3,Medium,No,No,69.6,68.2,Pass
9.8,65.2,5.7,Medium,No,Yes,91.3,80.2,Good
2.0,54.0,6.2,Low,Yes,Yes,52.6,39.3,Fail
4.6,70.1,4.3,Medium,No,Yes,74.7,59.4,Pass
9.7,58.7,4.7,High,No,Yes,79.9,75.2,Good
8.8,84.7,7.1,Medium,No,Yes,87.0,82.6,Good
8.4,67.3,5.6,High,Yes,Yes,77.3,70.0,Good
3.3,98.8,9.0,Low,Yes,Yes,80.5,73.7,Good
2.5,82.0,4.1,High,No,No,63.2,54.4,Pass
7.0,91.1,6.3,Medium,Yes,Yes,89.2,79.9,Good
9.4,56.6,6.0,Medium,No,Yes,78.5,67.0,Pass
6.0,93.1,4.1,Medium,Yes,Yes,73.4,74.9,Good
6.1,96.1,4.7,High,Yes,Yes,82.1,80.6,Good
3.5,74.4,6.5,Medium,Yes,No,61.2,54.6,Pass
7.9,80.3,7.0,Low,No,Yes,85.0,71.9,Good
2.7,88.2,6.4,Low,No,Yes,63.7,52.8,Pass
3.9,58.7,7.2,High,Yes,Yes,66.8,63.8,Pass
4.8,75.1,7.6,Medium,Yes,Yes,71.5,67.0,Pass
5.6,69.9,4.1,High,Yes,Yes,71.6,63.0,Pass
3.2,57.3,6.8,Medium,No,Yes,62.3,51.8,Pass
2.0,68.4,9.8,Medium,No,Yes,64.3,53.5,Pass
6.5,53.4,7.1,Low,No,Yes,69.0,62.0,Pass
3.6,51.3,8.1,High,No,Yes,54.3,55.2,Pass
6.2,56.8,5.9,Medium,No,Yes,60.6,54.3,Pass
2.4,98.2,8.6,High,Yes,No,69.2,67.2,Pass
5.3,77.5,8.6,Medium,No,Yes,71.6,60.3,Pass
5.8,98.3,7.1,Medium,Yes,Yes,85.1,76.3,Good
1.5,71.6,9.9,Medium,Yes,Yes,57.1,50.7,Pass
4.0,65.6,4.8,Medium,No,Yes,68.8,54.8,Pass
2.2,75.3,4.1,High,No,Yes,59.8,50.2,Pass
1.6,72.0,8.6,High,No,No,59.0,49.0,Fail
9.9,55.3,8.8,High,No,Yes,87.7,81.9,Good
3.9,82.0,4.7,High,No,No,73.2,63.2,Pass
8.3,60.8,5.6,Medium,Yes,Yes,78.0,72.1,Good
3.3,81.0,4.1,Medium,No,Yes,65.9,49.3,Fail
7.1,82.5,5.8,High,No,No,79.8,73.8,Good
7.8,57.6,8.6,Low,No,Yes,71.2,61.2,Pass
6.4,53.1,7.1,High,No,No,65.8,62.5,Pass
5.2,89.0,6.1,High,Yes,Yes,82.7,79.4,Good
4.7,73.0,6.2,Medium,No,No,69.6,56.1,Pass
4.1,52.9,4.0,High,No,Yes,53.9,44.5,Fail
9.4,99.7,5.8,Medium,Yes,Yes,100.0,92.7,Excellent
8.5,52.9,7.9,Medium,No,Yes,77.4,63.1,Pass
9.7,84.8,9.8,Low,No,Yes,85.8,86.7,Excellent
2.1,99.2,9.1,Medium,No,Yes,69.9,65.8,Pass
7.6,62.0,4.1,Medium,No,Yes,76.9,67.4,Pass
9.4,57.1,9.4,Medium,Yes,Yes,89.4,79.3,Good
2.6,56.1,8.7,High,Yes,Yes,51.1,50.0,Pass
1.6,65.2,8.7,High,Yes,Yes,61.5,51.7,Pass
7.7,55.1,6.7,Low,No,Yes,80.9,62.1,Pass
6.2,84.6,6.4,Medium,Yes,Yes,77.3,69.8,Pass
8.6,53.1,5.8,High,Yes,Yes,74.9,74.0,Good
2.3,75.5,4.4,Low,No,Yes,57.9,42.9,Fail
8.2,99.8,5.4,Low,No,Yes,92.5,82.8,Good
2.8,90.7,5.5,Low,No,Yes,70.9,56.7,Pass
2.5,80.8,6.9,Medium,Yes,No,69.3,54.7,Pass
2.5,65.3,8.5,Low,Yes,No,65.3,51.1,Pass
8.3,81.2,6.8,High,Yes,Yes,82.9,85.4,Excellent
7.0,76.4,4.3,Medium,No,Yes,70.2,61.3,Pass
5.7,71.3,9.7,Medium,No,Yes,73.4,72.1,Good
4.2,56.5,9.7,Medium,No,Yes,63.9,55.0,Pass
8.9,94.3,8.7,Medium,Yes,Yes,95.1,92.2,Excellent
4.5,72.5,9.9,Medium,No,Yes,68.2,66.9,Pass
8.3,59.7,7.3,High,Yes,Yes,78.7,74.2,Good
5.0,68.4,9.8,High,Yes,Yes,77.3,73.6,Good
4.4,70.7,4.5,Medium,No,Yes,70.6,56.2,Pass
5.2,91.4,6.2,High,No,No,77.8,72.1,Good
3.7,86.7,5.4,High,Yes,Yes,70.2,59.2,Pass
7.7,88.5,5.2,High,Yes,No,86.6,75.8,Good
5.5,50.6,4.8,Low,No,No,72.7,52.2,Pass
3.1,70.8,7.7,Low,Yes,Yes,63.2,58.0,Pass
9.1,74.1,8.7,Medium,Yes,Yes,86.4,81.8,Good
4.5,51.0,7.5,Medium,Yes,Yes,58.6,52.3,Pass
5.9,63.0,4.9,Medium,Yes,No,76.3,62.4,Pass
9.2,88.0,8.9,Medium,Yes,No,100.0,94.7,Excellent
6.6,56.9,7.8,High,No,Yes,73.2,61.5,Pass
2.1,76.8,6.3,High,Yes,Yes,63.3,55.3,Pass
9.5,60.8,8.0,High,No,Yes,82.6,79.0,Good
6.6,50.6,5.6,Medium,No,Yes,56.6,54.9,Pass
4.0,62.1,6.1,Medium,No,Yes,67.6,62.3,Pass
2.3,98.8,9.5,Medium,No,No,73.1,66.1,Pass
8.1,90.1,5.7,Low,No,Yes,91.7,75.5,Good
6.6,98.0,6.8,Low,Yes,Yes,83.7,79.7,Good
5.8,74.4,9.3,Medium,No,Yes,73.1,74.1,Good
9.0,55.5,8.2,Medium,No,Yes,76.8,72.7,Good
8.1,77.4,4.4,High,No,Yes,89.4,76.1,Good
2.4,72.7,4.9,Low,No,Yes,60.5,49.1,Fail
3.8,92.2,4.0,High,No,No,85.6,70.5,Good
3.2,54.9,7.8,Medium,No,No,60.4,45.3,Fail
7.7,74.4,6.7,Medium,Yes,Yes,75.3,74.9,Good
1.3,57.5,4.8,Medium,No,No,51.9,39.5,Fail
6.1,66.2,9.7,Medium,No,Yes,69.7,71.2,Good
7.9,86.9,7.2,Medium,No,Yes,76.3,76.8,Good
8.9,73.8,5.5,Medium,Yes,Yes,93.6,80.9,Good
4.1,68.8,7.0,Low,No,Yes,70.3,60.1,Pass
8.4,69.7,8.1,Low,Yes,No,84.9,71.4,Good
2.0,73.0,4.5,Medium,Yes,Yes,62.0,51.7,Pass
8.6,89.3,5.6,High,No,Yes,84.0,79.3,Good
2.1,94.6,8.8,Medium,Yes,Yes,67.9,69.4,Pass
4.6,97.8,6.8,High,No,Yes,84.3,76.9,Good
8.2,89.3,7.3,Medium,Yes,Yes,84.1,87.6,Excellent
2.3,65.8,6.6,High,No,Yes,46.9,48.7,Fail
3.1,84.4,4.3,High,Yes,Yes,68.3,58.0,Pass
7.5,71.9,5.0,Medium,Yes,Yes,79.3,75.8,Good
7.5,62.7,6.7,Medium,Yes,No,77.0,73.0,Good
6.8,92.0,5.3,High,Yes,Yes,89.2,85.7,Excellent
7.2,51.9,4.3,Medium,Yes,Yes,74.3,59.6,Pass
5.9,95.1,9.1,Medium,Yes,Yes,84.9,81.9,Good
3.3,73.1,9.9,Low,No,Yes,71.6,61.0,Pass
4.1,81.9,8.8,High,Yes,Yes,64.5,66.7,Pass
2.6,83.0,9.1,High,No,Yes,69.9,71.2,Good
9.2,94.8,5.5,Low,Yes,No,98.2,86.2,Excellent
6.3,81.8,9.8,Medium,No,Yes,73.4,66.1,Pass
4.6,80.7,5.2,Medium,No,No,65.9,58.9,Pass
5.2,53.3,9.7,Low,No,No,60.7,51.7,Pass
9.5,75.9,10.0,High,Yes,Yes,85.4,90.5,Excellent
2.4,57.5,8.3,Medium,Yes,Yes,60.1,50.5,Pass
6.3,86.9,9.9,Low,No,Yes,78.6,77.5,Good
5.6,75.6,7.4,Medium,Yes,No,70.4,69.2,Pass
6.5,84.0,5.6,High,Yes,No,78.3,75.0,Good
1.2,52.1,6.6,Low,Yes,Yes,55.5,38.6,Fail
8.8,54.2,7.6,Medium,Yes,Yes,77.7,72.7,Good
9.4,85.8,4.4,Medium,Yes,Yes,91.3,84.5,Good
6.1,53.6,7.7,Low,No,No,67.2,52.4,Pass
7.3,53.6,9.9,Low,Yes,No,78.3,69.1,Pass
9.3,50.6,5.1,Medium,No,Yes,74.1,67.2,Pass
7.4,97.8,8.8,Medium,Yes,Yes,96.5,96.1,Excellent
2.4,86.9,9.4,High,Yes,Yes,69.1,72.6,Good
6.2,67.7,9.7,High,No,Yes,72.9,70.4,Good
6.5,64.8,9.8,High,Yes,No,86.0,80.1,Good
4.8,67.5,7.1,Medium,No,Yes,63.6,55.6,Pass
7.6,88.7,9.9,High,No,Yes,85.4,89.7,Excellent
9.4,83.1,8.5,Medium,Yes,Yes,85.0,85.7,Excellent
9.3,59.3,5.0,Medium,No,No,86.1,67.9,Pass
5.1,58.7,6.9,Low,Yes,Yes,74.6,60.2,Pass
2.0,54.9,8.3,Low,No,Yes,62.4,37.9,Fail
9.9,83.0,5.5,Medium,Yes,Yes,98.8,84.1,Good
8.6,88.2,7.8,Medium,No,No,89.2,82.8,Good
2.1,63.3,8.0,Medium,Yes,No,55.9,48.9,Fail
9.3,51.0,5.0,Medium,No,Yes,69.6,62.7,Pass
8.8,54.1,7.4,Medium,No,Yes,87.7,69.7,Pass
5.7,98.4,8.6,Medium,No,Yes,86.5,78.8,Good
6.3,64.8,7.0,Medium,No,Yes,70.6,65.1,Pass
4.6,88.5,4.1,High,No,Yes,83.1,72.1,Good
1.5,81.2,4.1,High,No,No,57.9,48.3,Fail
4.0,69.1,6.1,Medium,Yes,Yes,68.7,62.9,Pass
8.2,60.3,9.6,Medium,Yes,No,77.0,75.0,Good
1.0,56.1,5.4,Medium,Yes,Yes,54.3,38.9,Fail
4.0,80.8,7.8,High,Yes,Yes,71.0,68.5,Pass
4.6,88.7,5.3,Medium,Yes,Yes,69.3,61.6,Pass
5.8,82.2,5.9,Medium,No,Yes,78.7,69.3,Pass
9.3,76.5,9.1,Low,Yes,Yes,93.3,89.5,Excellent
4.1,52.1,8.4,Medium,No,Yes,60.1,54.6,Pass
4.1,98.4,4.6,Medium,Yes,Yes,82.7,76.0,Good
7.6,89.9,6.6,High,Yes,Yes,82.5,83.0,Good
5.1,64.6,4.2,Medium,No,Yes,68.5,59.8,Pass
3.0,99.0,6.9,Medium,No,No,72.1,63.8,Pass
5.1,80.1,8.0,High,No,Yes,78.5,77.5,Good
2.3,79.1,4.7,High,No,No,64.7,53.3,Pass
2.6,87.4,5.7,Medium,Yes,Yes,72.5,64.4,Pass
5.5,90.6,6.4,Medium,No,Yes,85.9,79.2,Good
4.8,82.8,9.5,Medium,Yes,Yes,78.3,73.8,Good
9.2,56.4,10.0,High,Yes,No,81.2,81.1,Good
4.3,66.9,4.3,Low,No,Yes,61.7,52.7,Pass
6.2,96.4,8.6,High,Yes,Yes,85.3,86.1,Excellent
6.7,61.2,6.2,Medium,Yes,Yes,70.2,60.6,Pass
1.1,68.6,6.4,Medium,No,Yes,54.6,51.2,Pass
7.0,71.6,8.5,Low,No,Yes,76.2,67.8,Pass
2.6,72.0,9.5,Medium,Yes,Yes,58.0,58.0,Pass
9.6,80.6,9.7,Medium,Yes,Yes,81.2,90.8,Excellent
2.3,97.2,7.5,Low,Yes,No,68.7,58.8,Pass
4.7,62.0,6.1,Medium,Yes,Yes,67.3,55.6,Pass
1.8,56.1,8.7,High,No,Yes,46.9,46.8,Fail
10.0,59.9,5.5,Medium,Yes,Yes,83.9,71.3,Good
5.5,94.3,7.4,High,No,Yes,91.6,81.9,Good
6.4,82.3,6.2,Low,Yes,Yes,85.3,73.7,Good
1.6,64.3,7.9,Medium,No,Yes,64.5,50.2,Pass
7.7,90.8,5.4,Low,Yes,No,90.4,73.3,Good
2.9,93.1,5.1,Medium,No,No,78.2,66.9,Pass
9.1,92.3,9.5,High,Yes,No,90.1,94.0,Excellent
2.8,95.9,4.6,Medium,No,Yes,70.1,65.2,Pass
2.7,62.6,7.0,Low,Yes,Yes,45.9,42.7,Fail
1.3,87.8,5.3,Medium,Yes,Yes,70.7,55.3,Pass
5.2,73.0,4.2,Medium,No,Yes,80.3,64.3,Pass
6.1,92.1,4.2,Medium,No,Yes,80.4,70.7,Good
1.6,86.4,5.1,High,No,Yes,63.9,52.5,Pass
8.0,88.8,9.2,High,No,Yes,84.7,91.7,Excellent
5.1,82.8,5.7,Medium,No,Yes,77.8,65.3,Pass
5.7,58.9,9.7,Medium,Yes,Yes,74.2,62.7,Pass
5.0,77.3,7.5,Medium,Yes,Yes,64.6,68.6,Pass
4.6,99.2,6.6,Low,Yes,Yes,82.9,71.8,Good
6.0,96.9,7.5,Medium,No,Yes,83.5,76.9,Good
2.4,52.2,7.1,Medium,Yes,Yes,54.8,40.9,Fail
2.6,58.2,8.6,Medium,Yes,Yes,59.8,58.0,Pass
8.8,56.6,5.7,Medium,No,No,77.3,62.5,Pass
9.5,86.3,6.1,Low,No,Yes,92.3,83.0,Good
4.4,90.9,9.4,Medium,Yes,Yes,75.5,77.2,Good
3.4,60.7,9.7,Low,Yes,Yes,66.2,58.0,Pass
6.8,75.3,9.4,Low,Yes,Yes,81.0,74.8,Good
4.7,92.0,6.5,High,Yes,No,79.3,68.7,Pass
1.2,86.6,8.7,Low,Yes,Yes,57.6,51.7,Pass
2.4,77.1,6.9,Medium,No,Yes,62.4,54.9,Pass
7.4,79.5,7.0,Low,No,No,87.4,70.5,Good
6.9,75.4,5.2,High,No,Yes,79.6,73.2,Good
1.2,64.9,7.5,Medium,Yes,Yes,58.6,51.4,Pass
3.0,78.3,5.1,Medium,No,Yes,75.6,61.8,Pass
3.1,84.4,6.0,Medium,Yes,Yes,74.7,60.2,Pass
7.0,93.7,9.1,High,No,Yes,87.6,94.0,Excellent
1.2,81.8,5.2,High,No,Yes,59.3,54.4,Pass
1.9,88.1,4.4,Medium,Yes,No,54.2,49.6,Fail
8.2,58.0,4.4,High,Yes,Yes,76.1,73.2,Good
2.6,73.1,9.6,High,No,Yes,61.7,67.7,Pass
6.9,50.5,7.0,High,Yes,Yes,71.2,62.1,Pass
3.1,62.3,6.5,Medium,No,No,60.2,47.6,Fail
1.9,86.3,8.9,Medium,Yes,No,64.6,52.6,Pass
3.2,99.6,9.0,Medium,No,Yes,67.1,68.8,Pass
7.5,55.0,6.0,High,Yes,Yes,68.5,67.7,Pass
8.7,70.1,8.2,Medium,Yes,Yes,85.9,81.2,Good
8.5,90.0,8.6,Medium,No,Yes,99.2,88.9,Excellent
4.6,60.2,7.9,Medium,Yes,Yes,64.6,53.1,Pass
7.0,77.8,4.9,High,Yes,Yes,82.3,77.3,Good
2.8,86.7,9.3,High,Yes,Yes,74.4,76.1,Good
3.6,80.8,7.2,Low,Yes,No,66.0,55.8,Pass
9.1,59.4,5.7,High,Yes,Yes,82.3,78.3,Good
1.1,67.8,6.6,Medium,Yes,No,52.3,39.2,Fail
1.8,89.2,4.2,High,No,Yes,71.2,60.4,Pass
2.9,77.7,4.8,Medium,Yes,Yes,66.9,55.2,Pass
1.2,50.3,8.6,Medium,No,Yes,50.9,39.2,Fail
2.6,88.0,4.0,High,Yes,Yes,65.5,57.9,Pass
6.2,51.8,6.5,Medium,Yes,Yes,71.1,60.2,Pass
4.8,87.3,7.1,High,No,Yes,87.1,77.9,Good
9.0,60.1,4.3,Medium,Yes,Yes,75.6,65.4,Pass
8.4,97.9,9.8,Medium,No,Yes,91.7,90.5,Excellent
4.1,68.4,5.4,Medium,Yes,Yes,67.8,57.7,Pass
3.3,66.3,5.8,Medium,No,Yes,67.1,50.5,Pass
4.4,57.4,5.8,Medium,No,Yes,60.6,56.7,Pass
6.3,65.3,5.4,Low,No,Yes,59.0,51.5,Pass
3.4,93.8,4.0,Medium,No,No,81.3,61.2,Pass
6.6,99.8,8.4,Low,No,Yes,91.9,79.9,Good
4.7,68.4,9.8,High,Yes,Yes,60.0,71.4,Good
6.0,72.4,5.3,High,Yes,Yes,71.8,70.1,Good
4.9,86.1,8.0,Medium,No,Yes,84.5,71.1,Good
3.7,94.3,8.5,High,Yes,No,82.7,79.5,Good
9.5,79.7,9.1,Medium,Yes,Yes,94.9,91.9,Excellent
7.9,69.6,6.5,Medium,No,Yes,79.5,72.9,Good
2.3,70.6,5.8,High,Yes,Yes,61.6,54.2,Pass
8.8,84.8,6.0,High,No,Yes,89.1,82.8,Good
5.4,50.2,8.3,Medium,No,No,69.6,57.8,Pass
9.1,81.0,8.9,High,No,Yes,84.7,85.5,Excellent
8.2,67.8,5.1,Medium,No,Yes,76.8,74.6,Good
4.8,89.7,6.2,High,Yes,Yes,82.8,72.6,Good
1.2,54.6,9.4,Low,Yes,Yes,50.8,47.5,Fail
3.4,79.4,8.8,Medium,No,Yes,75.6,65.5,Pass
5.9,74.0,9.9,Medium,Yes,Yes,71.8,73.4,Good
6.7,82.1,8.5,Medium,No,Yes,81.0,79.1,Good
3.3,53.2,6.4,Low,No,No,53.3,38.2,Fail
2.3,79.0,7.5,High,No,Yes,64.5,62.1,Pass
8.5,78.1,8.0,Low,Yes,Yes,78.6,69.0,Pass
9.9,78.0,4.5,Medium,No,Yes,88.3,77.9,Good
5.7,80.2,7.3,Medium,No,No,69.9,62.5,Pass
2.5,83.8,8.3,Medium,No,Yes,70.9,58.5,Pass
3.5,90.2,5.0,Medium,Yes,Yes,76.8,65.3,Pass
1.2,63.5,8.7,Medium,No,Yes,45.8,44.5,Fail
9.2,91.3,7.5,Low,No,Yes,100.0,90.8,Excellent
2.1,74.9,9.7,Low,No,Yes,74.7,59.8,Pass
6.2,53.9,4.3,Medium,No,Yes,68.4,53.4,Pass
3.5,52.9,5.6,High,Yes,Yes,55.1,51.1,Pass
6.0,66.7,7.6,High,No,Yes,86.8,74.5,Good
6.9,89.2,5.8,Low,No,Yes,78.1,73.7,Good
8.5,85.4,8.3,Medium,Yes,No,88.9,87.1,Excellent
2.9,89.4,8.6,Low,No,No,71.7,60.6,Pass
1.1,75.9,4.6,Low,No,Yes,65.9,43.1,Fail
2.2,72.0,7.1,Medium,No,Yes,63.4,51.2,Pass
9.1,57.4,7.1,Medium,No,Yes,77.3,69.8,Pass
8.9,66.4,6.2,Low,No,Yes,77.8,68.6,Pass
6.4,71.7,9.6,Medium,No,No,74.3,70.4,Good
6.4,54.4,9.0,Low,Yes,Yes,64.2,62.6,Pass
7.0,61.0,8.2,High,Yes,Yes,74.1,72.5,Good
2.6,79.9,8.3,High,No,Yes,63.2,61.2,Pass
9.2,86.8,6.8,Low,No,Yes,84.5,80.5,Good
4.8,99.9,9.5,Medium,No,Yes,87.9,79.8,Good
4.4,96.7,8.2,High,No,Yes,76.7,73.3,Good
5.7,82.1,8.4,High,Yes,Yes,71.4,69.7,Pass
1.4,71.1,9.2,Medium,No,Yes,57.6,49.6,Fail
2.5,81.8,5.6,Low,Yes,Yes,66.8,56.4,Pass
7.6,89.3,8.8,Low,No,No,78.7,73.5,Good
1.7,55.9,5.2,Medium,No,Yes,55.1,40.2,Fail
6.4,70.5,6.1,Medium,Yes,No,70.5,65.9,Pass
3.2,92.0,6.0,Low,Yes,Yes,81.6,67.8,Pass
4.5,69.2,9.9,Medium,No,Yes,71.1,62.0,Pass
3.6,78.6,9.1,Low,No,Yes,67.0,63.1,Pass
4.2,79.4,8.2,High,Yes,No,67.7,70.1,Good
7.5,59.2,8.4,Medium,No,No,74.3,63.3,Pass
3.7,68.1,7.4,Low,No,Yes,68.2,52.5,Pass
6.1,66.7,9.7,Medium,No,No,72.9,70.5,Good
5.3,51.3,7.0,Medium,No,No,62.9,51.8,Pass
7.0,51.2,6.3,High,No,Yes,70.2,56.6,Pass
9.4,91.6,5.0,Medium,No,Yes,91.6,81.0,Good
7.6,63.7,8.7,Medium,No,No,75.3,68.5,Pass
2.9,75.9,8.4,High,No,No,55.2,52.3,Pass
1.3,64.9,6.3,Medium,Yes,Yes,60.3,47.0,Fail
3.4,97.0,4.2,High,No,No,77.1,65.7,Pass
6.4,63.0,9.0,Medium,Yes,Yes,68.6,72.1,Good
1.5,71.5,4.1,Medium,Yes,Yes,68.2,49.6,Fail
5.5,93.6,8.2,Low,Yes,Yes,82.0,79.1,Good
6.4,92.1,9.8,Medium,Yes,Yes,79.0,86.2,Excellent
4.0,59.3,6.6,High,No,Yes,67.0,61.9,Pass
7.9,90.1,5.4,High,Yes,Yes,90.8,87.2,Excellent
2.0,72.9,8.2,Medium,No,No,63.0,46.4,Fail
1.7,74.1,8.9,Medium,No,Yes,58.4,54.5,Pass
7.6,56.7,7.3,High,No,Yes,76.4,73.5,Good
5.5,54.0,9.8,High,Yes,Yes,64.4,65.1,Pass
7.2,86.4,4.3,Low,No,Yes,87.5,77.6,Good
4.9,74.8,7.0,Medium,No,No,62.6,60.9,Pass
3.2,71.8,8.3,Medium,No,Yes,62.8,58.9,Pass
8.4,86.5,9.2,High,No,No,97.5,93.9,Excellent
8.2,88.3,5.1,Low,No,Yes,85.2,76.6,Good
7.3,57.9,8.8,Medium,No,Yes,70.5,59.5,Pass
3.4,80.5,7.3,High,Yes,Yes,67.0,64.1,Pass
6.3,56.8,6.4,Low,No,Yes,63.7,58.5,Pass
4.2,87.6,4.8,Medium,Yes,Yes,63.9,59.2,Pass
1.8,82.8,9.2,Medium,No,Yes,63.4,57.9,Pass
9.3,97.8,4.9,Medium,Yes,Yes,97.2,87.7,Excellent
2.2,53.4,5.9,Medium,Yes,Yes,53.9,49.3,Fail
9.6,52.9,5.7,Medium,No,Yes,78.8,74.9,Good
5.0,64.1,9.2,Low,No,Yes,68.4,57.3,Pass
